TLD,WHOIS SERVER
aaa,whois.nic.aaa
aarp,whois.nic.aarp
abarth,whois.nic.abarth
abb,whois.nic.abb
abbott,whois.nic.abbott
abbvie,whois.nic.abbvie
abc,whois.nic.abc
able,whois.nic.able
abogado,whois.nic.abogado
abudhabi,whois.nic.abudhabi
ac,whois.nic.ac
academy,whois.donuts.co
accenture,whois.nic.accenture
accountant,whois.nic.accountant
accountants,whois.donuts.co
aco,whois.nic.aco
active,whois.nic.active
actor,whois.donuts.co
ad,
adac,whois.nic.adac
ads,whois.nic.ads
adult,whois.nic.adult
ae,whois.aeda.net.ae
aeg,whois.nic.aeg
aero,whois.aero
aetna,whois.nic.aetna
af,whois.nic.af
afamilycompany,whois.nic.afamilycompany
afl,whois.nic.afl
africa,whois.nic.africa
ag,whois.nic.ag
agakhan,whois.nic.agakhan
agency,whois.donuts.co
ai,whois.nic.ai
aig,whois.nic.aig
aigo,whois.nic.aigo
airbus,whois.nic.airbus
airforce,whois.donuts.co
airtel,whois.nic.airtel
akdn,whois.nic.akdn
al,
alfaromeo,whois.nic.alfaromeo
alibaba,whois.nic.alibaba
alipay,whois.nic.alipay
allfinanz,whois.nic.allfinanz
allstate,whois.nic.allstate
ally,whois.nic.ally
alsace,whois.nic.alsace
alstom,whois.nic.alstom
am,whois.amnic.net
americanexpress,whois.nic.americanexpress
americanfamily,whois.nic.americanfamily
amex,whois.nic.amex
amfam,whois.nic.amfam
amica,whois.nic.amica
amsterdam,whois.nic.amsterdam
analytics,whois.nic.analytics
android,whois.nic.android
anquan,whois.nic.anquan
anz,whois.nic.anz
ao,
aol,whois.nic.aol
apartments,whois.donuts.co
app,whois.nic.app
apple,whois.nic.apple
aq,
aquarelle,whois.nic.aquarelle
ar,whois.nic.ar
arab,whois.nic.arab
aramco,whois.nic.aramco
archi,whois.nic.archi
army,whois.donuts.co
arpa,whois.iana.org
art,whois.nic.art
arte,whois.nic.arte
as,whois.nic.as
asda,whois.nic.asda
asia,whois.nic.asia
associates,whois.donuts.co
at,whois.nic.at
athleta,whois.nic.athleta
attorney,whois.donuts.co
au,whois.audns.net.au
auction,whois.donuts.co
audi,whois.nic.audi
audible,whois.nic.audible
audio,whois.nic.audio
auspost,whois.nic.auspost
author,whois.nic.author
auto,whois.nic.auto
autos,whois.nic.autos
avianca,whois.nic.avianca
aw,whois.nic.aw
aws,whois.nic.aws
ax,whois.ax
axa,whois.nic.axa
az,
azure,whois.nic.azure
ba,
baby,whois.nic.baby
baidu,whois.nic.baidu
banamex,whois.nic.banamex
bananarepublic,whois.nic.bananarepublic
band,whois.donuts.co
bank,whois.nic.bank
bar,whois.nic.bar
barcelona,whois.nic.barcelona
barclaycard,whois.nic.barclaycard
barclays,whois.nic.barclays
barefoot,whois.nic.barefoot
bargains,whois.donuts.co
baseball,whois.nic.baseball
basketball,whois.nic.basketball
bauhaus,whois.nic.bauhaus
bayern,whois.nic.bayern
bb,
bbc,whois.nic.bbc
bbt,whois.nic.bbt
bbva,whois.nic.bbva
bcg,whois.nic.bcg
bcn,whois.nic.bcn
bd,
be,whois.dns.be
beats,whois.nic.beats
beauty,whois.nic.beauty
beer,whois.nic.beer
bentley,whois.nic.bentley
berlin,whois.nic.berlin
best,whois.nic.best
bestbuy,whois.nic.bestbuy
bet,whois.nic.bet
bf,
bg,whois.register.bg
bh,
bharti,whois.nic.bharti
bi,whois1.nic.bi
bible,whois.nic.bible
bid,whois.nic.bid
bike,whois.donuts.co
bing,whois.nic.bing
bingo,whois.donuts.co
bio,whois.nic.bio
biz,www.whois.biz
bj,whois.nic.bj
black,whois.nic.black
blackfriday,whois.nic.blackfriday
blanco,whois.nic.blanco
blockbuster,whois.nic.blockbuster
blog,whois.nic.blog
bloomberg,whois.nic.bloomberg
blue,whois.nic.blue
bm,
bms,whois.nic.bms
bmw,whois.nic.bmw
bn,whois.bnnic.bn
bnl,whois.nic.bnl
bnpparibas,whois.nic.bnpparibas
bo,whois.nic.bo
boats,whois.nic.boats
boehringer,whois.nic.boehringer
bofa,whois.nic.bofa
bom,whois.nic.bom
bond,whois.nic.bond
boo,whois.nic.boo
book,whois.nic.book
booking,whois.nic.booking
bosch,whois.nic.bosch
bostik,whois.nic.bostik
boston,whois.nic.boston
bot,whois.nic.bot
boutique,whois.donuts.co
box,whois.nic.box
br,whois.registro.br
bradesco,whois.nic.bradesco
bridgestone,whois.nic.bridgestone
broadway,whois.nic.broadway
broker,whois.nic.broker
brother,whois.nic.brother
brussels,whois.nic.brussels
bs,
bt,
budapest,whois.nic.budapest
bugatti,whois.nic.bugatti
build,whois.nic.build
builders,whois.donuts.co
business,whois.donuts.co
buy,whois.nic.buy
buzz,whois.nic.buzz
bv,
bw,whois.nic.net.bw
by,whois.cctld.by
bz,
bzh,whois.nic.bzh
ca,whois.cira.ca
cab,whois.donuts.co
cafe,whois.donuts.co
cal,whois.nic.cal
call,whois.nic.call
calvinklein,whois.nic.calvinklein
cam,whois.nic.cam
camera,whois.donuts.co
camp,whois.donuts.co
cancerresearch,whois.nic.cancerresearch
canon,whois.nic.canon
capetown,whois.nic.capetown
capital,whois.donuts.co
capitalone,whois.nic.capitalone
car,whois.nic.car
caravan,whois.nic.caravan
cards,whois.donuts.co
care,whois.donuts.co
career,whois.nic.career
careers,whois.donuts.co
cars,whois.nic.cars
cartier,whois.nic.cartier
casa,whois.nic.casa
case,whois.nic.case
caseih,whois.nic.caseih
cash,whois.donuts.co
casino,whois.donuts.co
cat,whois.nic.cat
catering,whois.donuts.co
catholic,whois.nic.catholic
cba,whois.nic.cba
cbn,whois.nic.cbn
cbre,whois.nic.cbre
cbs,whois.nic.cbs
cc,ccwhois.verisign-grs.com
cd,
ceb,whois.nic.ceb
center,whois.donuts.co
ceo,whois.nic.ceo
cern,whois.nic.cern
cf,whois.dot.cf
cfa,whois.nic.cfa
cfd,whois.nic.cfd
cg,
ch,whois.nic.ch
chanel,whois.nic.chanel
channel,whois.nic.channel
chase,whois.nic.chase
chat,whois.donuts.co
cheap,whois.donuts.co
chintai,whois.nic.chintai
christmas,whois.nic.christmas
chrome,whois.nic.chrome
chrysler,whois.nic.chrysler
church,whois.donuts.co
ci,whois.nic.ci
cipriani,whois.nic.cipriani
circle,whois.nic.circle
cisco,whois.nic.cisco
citadel,whois.nic.citadel
citi,whois.nic.citi
citic,whois.nic.citic
city,whois.donuts.co
cityeats,whois.nic.cityeats
ck,
cl,whois.nic.cl
claims,whois.donuts.co
cleaning,whois.donuts.co
click,whois.nic.click
clinic,whois.donuts.co
clinique,whois.nic.clinique
clothing,whois.donuts.co
cloud,whois.nic.cloud
club,whois.nic.club
clubmed,whois.nic.clubmed
cm,
cn,whois.cnnic.cn
co,whois.nic.co
coach,whois.donuts.co
codes,whois.donuts.co
coffee,whois.donuts.co
college,whois.nic.college
cologne,whois.nic.cologne
com,whois.verisign-grs.com
comcast,whois.nic.comcast
commbank,whois.nic.commbank
community,whois.donuts.co
company,whois.donuts.co
compare,whois.nic.compare
computer,whois.donuts.co
comsec,whois.nic.comsec
condos,whois.donuts.co
construction,whois.donuts.co
consulting,whois.donuts.co
contact,whois.nic.contact
contractors,whois.donuts.co
cooking,whois.nic.cooking
cookingchannel,whois.nic.cookingchannel
cool,whois.donuts.co
coop,whois.nic.coop
corsica,whois.nic.corsica
country,whois.nic.country
coupon,whois.nic.coupon
coupons,whois.donuts.co
courses,whois.nic.courses
cr,whois.nic.cr
credit,whois.donuts.co
creditcard,whois.donuts.co
creditunion,whois.nic.creditunion
cricket,whois.nic.cricket
crown,whois.nic.crown
crs,whois.nic.crs
cruise,whois.nic.cruise
cruises,whois.donuts.co
csc,whois.nic.csc
cu,
cuisinella,whois.nic.cuisinella
cv,
cw,
cx,whois.nic.cx
cy,
cymru,whois.nic.cymru
cyou,whois.nic.cyou
cz,whois.nic.cz
dabur,whois.nic.dabur
dad,whois.nic.dad
dance,whois.donuts.co
data,whois.nic.data
date,whois.nic.date
dating,whois.donuts.co
datsun,whois.nic.datsun
day,whois.nic.day
dclk,whois.nic.dclk
dds,whois.nic.dds
de,whois.denic.de
deal,whois.nic.deal
dealer,whois.nic.dealer
deals,whois.donuts.co
degree,whois.donuts.co
delivery,whois.donuts.co
dell,whois.nic.dell
deloitte,whois.nic.deloitte
delta,whois.nic.delta
democrat,whois.donuts.co
dental,whois.donuts.co
dentist,whois.donuts.co
desi,whois.nic.desi
design,whois.nic.design
dev,whois.nic.dev
dhl,whois.nic.dhl
diamonds,whois.donuts.co
diet,whois.nic.diet
digital,whois.donuts.co
direct,whois.donuts.co
directory,whois.donuts.co
discount,whois.donuts.co
discover,whois.nic.discover
dish,whois.nic.dish
diy,whois.nic.diy
dj,
dk,whois.dk-hostmaster.dk
dm,whois.nic.dm
dnp,whois.nic.dnp
do,whois.nic.do
docs,whois.nic.docs
doctor,whois.donuts.co
dodge,whois.nic.dodge
dog,whois.donuts.co
doha,whois.nic.doha
domains,whois.donuts.co
dot,whois.nic.dot
download,whois.nic.download
drive,whois.nic.drive
dtv,whois.nic.dtv
dubai,whois.nic.dubai
duck,whois.nic.duck
dunlop,whois.nic.dunlop
duns,whois.nic.duns
dupont,whois.nic.dupont
durban,whois.nic.durban
dvag,whois.nic.dvag
dvr,whois.nic.dvr
dz,whois.nic.dz
earth,whois.nic.earth
eat,whois.nic.eat
ec,whois.nic.ec
eco,whois.nic.eco
edeka,whois.nic.edeka
edu,whois.educause.edu
education,whois.donuts.co
ee,whois.tld.ee
eg,
email,whois.donuts.co
emerck,whois.nic.emerck
energy,whois.donuts.co
engineer,whois.donuts.co
engineering,whois.donuts.co
enterprises,whois.donuts.co
epost,whois.nic.epost
epson,whois.nic.epson
equipment,whois.donuts.co
er,
ericsson,whois.nic.ericsson
erni,whois.nic.erni
es,whois.nic.es
esq,whois.nic.esq
estate,whois.donuts.co
esurance,whois.nic.esurance
et,
etisalat,whois.nic.etisalat
eu,whois.eu
eurovision,whois.nic.eurovision
eus,whois.nic.eus
events,whois.donuts.co
everbank,whois.nic.everbank
exchange,whois.donuts.co
expert,whois.donuts.co
exposed,whois.donuts.co
express,whois.donuts.co
extraspace,whois.nic.extraspace
fage,whois.nic.fage
fail,whois.donuts.co
fairwinds,whois.nic.fairwinds
faith,whois.nic.faith
family,whois.donuts.co
fan,whois.nic.fans
fans,whois.nic.fans
farm,whois.donuts.co
farmers,whois.nic.farmers
fashion,whois.nic.fashion
fast,whois.nic.fast
fedex,whois.nic.fedex
feedback,whois.nic.feedback
ferrari,whois.nic.ferrari
ferrero,whois.nic.ferrero
fi,whois.fi
fiat,whois.nic.fiat
fidelity,whois.nic.fidelity
fido,whois.nic.fido
film,whois.nic.film
final,whois.nic.final
finance,whois.donuts.co
financial,whois.donuts.co
fire,whois.nic.fire
firestone,whois.nic.firestone
firmdale,whois.nic.firmdale
fish,whois.donuts.co
fishing,whois.nic.fishing
fit,whois.nic.fit
fitness,whois.donuts.co
fj,
fk,
flickr,whois.nic.flickr
flights,whois.donuts.co
flir,whois.nic.flir
florist,whois.donuts.co
flowers,whois.nic.flowers
fly,whois.nic.fly
fm,
fo,whois.nic.fo
foo,whois.nic.foo
food,whois.nic.food
foodnetwork,whois.nic.foodnetwork
football,whois.donuts.co
ford,whois.nic.ford
forex,whois.nic.forex
forsale,whois.donuts.co
forum,whois.nic.forum
foundation,whois.donuts.co
fox,whois.nic.fox
fr,whois.nic.fr
free,whois.nic.free
fresenius,whois.nic.fresenius
frl,whois.nic.frl
frogans,whois.nic.frogans
frontdoor,whois.nic.frontdoor
frontier,whois.nic.frontier
ftr,whois.nic.ftr
fujitsu,whois.nic.fujitsu
fujixerox,whois.nic.fujixerox
fun,whois.nic.fun
fund,whois.donuts.co
furniture,whois.donuts.co
futbol,whois.donuts.co
fyi,whois.donuts.co
ga,
gal,whois.nic.gal
gallery,whois.donuts.co
gallo,whois.nic.gallo
gallup,whois.nic.gallup
game,whois.nic.game
games,whois.donuts.co
gap,whois.nic.gap
garden,whois.nic.garden
gb,
gbiz,whois.nic.gbiz
gd,whois.nic.gd
gdn,whois.nic.gdn
ge,whois.registration.ge
gea,whois.nic.gea
gent,whois.nic.gent
genting,whois.nic.genting
george,whois.nic.george
gf,whois.mediaserv.net
gg,whois.gg
ggee,whois.nic.ggee
gh,
gi,whois2.afilias-grs.net
gift,whois.nic.gift
gifts,whois.donuts.co
gives,whois.donuts.co
giving,whois.nic.giving
gl,whois.nic.gl
glade,whois.nic.glade
glass,whois.donuts.co
gle,whois.nic.gle
global,whois.nic.global
globo,whois.nic.globo
gm,
gmail,whois.nic.gmail
gmbh,whois.donuts.co
gmo,whois.nic.gmo
gmx,whois.nic.gmx
gn,
godaddy,whois.nic.godaddy
gold,whois.donuts.co
goldpoint,whois.nic.goldpoint
golf,whois.donuts.co
goo,whois.nic.goo
goodhands,whois.nic.goodhands
goodyear,whois.nic.goodyear
goog,whois.nic.goog
google,whois.nic.google
gop,whois.nic.gop
got,whois.nic.got
gov,whois.dotgov.gov
gp,
gq,whois.dominio.gq
gr,
grainger,whois.nic.grainger
graphics,whois.donuts.co
gratis,whois.donuts.co
green,whois.nic.green
gripe,whois.donuts.co
grocery,whois.nic.grocery
group,whois.donuts.co
gs,whois.nic.gs
gt,
gu,
guardian,whois.nic.guardian
gucci,whois.nic.gucci
guge,whois.nic.guge
guide,whois.donuts.co
guitars,whois.nic.guitars
guru,whois.donuts.co
gw,
gy,whois.registry.gy
hair,whois.nic.hair
hamburg,whois.nic.hamburg
hangout,whois.nic.hangout
haus,whois.donuts.co
hbo,whois.nic.hbo
hdfc,whois.nic.hdfc
hdfcbank,whois.nic.hdfcbank
health,whois.nic.health
healthcare,whois.donuts.co
help,whois.nic.help
helsinki,whois.nic.helsinki
here,whois.nic.here
hermes,whois.nic.hermes
hgtv,whois.nic.hgtv
hiphop,whois.nic.hiphop
hisamitsu,whois.nic.hisamitsu
hitachi,whois.nic.hitachi
hiv,whois.nic.hiv
hk,whois.hkirc.hk
hkt,whois.nic.hkt
hm,whois.registry.hm
hn,whois.nic.hn
hockey,whois.donuts.co
holdings,whois.donuts.co
holiday,whois.donuts.co
homedepot,whois.nic.homedepot
homegoods,whois.nic.homegoods
homes,whois.nic.homes
homesense,whois.nic.homesense
honda,whois.nic.honda
honeywell,whois.nic.honeywell
horse,whois.nic.horse
hospital,whois.donuts.co
host,whois.nic.host
hosting,whois.nic.hosting
hot,whois.nic.hot
hoteles,whois.nic.hoteles
hotels,whois.nic.hotels
hotmail,whois.nic.hotmail
house,whois.donuts.co
how,whois.nic.how
hr,whois.dns.hr
hsbc,whois.nic.hsbc
ht,whois.nic.ht
hu,whois.nic.hu
hughes,whois.nic.hughes
hyatt,whois.nic.hyatt
hyundai,whois.nic.hyundai
ibm,whois.nic.ibm
icbc,whois.nic.icbc
ice,whois.nic.ice
icu,whois.nic.icu
id,whois.id
ie,whois.domainregistry.ie
ieee,whois.nic.ieee
ifm,whois.nic.ifm
ikano,whois.nic.ikano
il,whois.isoc.org.il
im,whois.nic.im
imamat,whois.nic.imamat
imdb,whois.nic.imdb
immo,whois.donuts.co
immobilien,whois.donuts.co
in,whois.inregistry.net
industries,whois.donuts.co
infiniti,whois.nic.infiniti
info,whois.afilias.net
ing,whois.nic.ing
ink,whois.nic.ink
institute,whois.donuts.co
insurance,whois.nic.insurance
insure,whois.donuts.co
int,whois.iana.org
intel,whois.nic.intel
international,whois.donuts.co
intuit,whois.nic.intuit
investments,whois.donuts.co
io,whois.nic.io
ipiranga,whois.nic.ipiranga
iq,whois.cmc.iq
ir,whois.nic.ir
irish,whois.donuts.co
is,whois.isnic.is
iselect,whois.nic.iselect
ismaili,whois.nic.ismaili
ist,whois.nic.ist
istanbul,whois.nic.istanbul
it,whois.nic.it
itau,whois.nic.itau
itv,whois.nic.itv
iveco,whois.nic.iveco
iwc,whois.nic.iwc
jaguar,whois.nic.jaguar
java,whois.nic.java
jcb,whois.nic.jcb
jcp,whois.nic.jcp
je,whois.je
jeep,whois.nic.jeep
jetzt,whois.donuts.co
jewelry,whois.donuts.co
jio,whois.nic.jio
jlc,whois.nic.jlc
jll,whois.nic.jll
jm,
jmp,whois.nic.jmp
jnj,whois.nic.jnj
jo,
jobs,webwhois.nic.jobs
joburg,whois.nic.joburg
jot,whois.nic.jot
joy,whois.nic.joy
jp,whois.jprs.jp
jpmorgan,whois.nic.jpmorgan
jprs,whois.nic.jprs
juegos,whois.nic.juegos
juniper,whois.nic.juniper
kaufen,whois.donuts.co
kddi,whois.nic.kddi
ke,whois.kenic.or.ke
kerryhotels,whois.nic.kerryhotels
kerrylogistics,whois.nic.kerrylogistics
kerryproperties,whois.nic.kerryproperties
kfh,whois.nic.kfh
kg,whois.kg
kh,
ki,whois.nic.ki
kia,whois.nic.kia
kim,whois.nic.kim
kinder,whois.nic.kinder
kindle,whois.nic.kindle
kitchen,whois.donuts.co
kiwi,whois.nic.kiwi
km,
kn,whois.nic.kn
koeln,whois.nic.koeln
komatsu,whois.nic.komatsu
kosher,whois.nic.kosher
kp,
kpmg,whois.nic.kpmg
kpn,whois.nic.kpn
kr,whois.kr
krd,whois.nic.krd
kred,whois.nic.kred
kuokgroup,whois.nic.kuokgroup
kw,
ky,whois.kyregistry.ky
kyoto,whois.nic.kyoto
kz,whois.nic.kz
la,whois.nic.la
lacaixa,whois.nic.lacaixa
ladbrokes,whois.nic.ladbrokes
lamborghini,whois.nic.lamborghini
lamer,whois.nic.lamer
lancaster,whois.nic.lancaster
lancia,whois.nic.lancia
lancome,whois.nic.lancome
land,whois.donuts.co
landrover,whois.nic.landrover
lanxess,whois.nic.lanxess
lasalle,whois.nic.lasalle
lat,whois.nic.lat
latino,whois.nic.latino
latrobe,whois.nic.latrobe
law,whois.nic.law
lawyer,whois.donuts.co
lb,
lc,
lds,whois.nic.lds
lease,whois.donuts.co
leclerc,whois.nic.leclerc
lefrak,whois.nic.lefrak
legal,whois.donuts.co
lego,whois.nic.lego
lexus,whois.nic.lexus
lgbt,whois.nic.lgbt
li,whois.nic.li
liaison,whois.nic.liaison
lidl,whois.nic.lidl
life,whois.donuts.co
lifeinsurance,whois.nic.lifeinsurance
lifestyle,whois.nic.lifestyle
lighting,whois.donuts.co
like,whois.nic.like
lilly,whois.nic.lilly
limited,whois.donuts.co
limo,whois.donuts.co
lincoln,whois.nic.lincoln
linde,whois.nic.linde
link,whois.nic.link
lipsy,whois.nic.lipsy
live,whois.donuts.co
living,whois.nic.living
lixil,whois.nic.lixil
lk,
llc,whois.nic.LLC
loan,whois.nic.loan
loans,whois.donuts.co
locker,whois.nic.locker
locus,whois.nic.locus
loft,whois.nic.loft
lol,whois.nic.lol
london,whois.nic.london
lotte,whois.nic.lotte
lotto,whois.nic.lotto
love,whois.nic.love
lpl,whois.nic.lpl
lplfinancial,whois.nic.lplfinancial
lr,
ls,196.11.175.58
lt,whois.domreg.lt
ltd,whois.donuts.co
ltda,whois.nic.ltda
lu,whois.dns.lu
lundbeck,whois.nic.lundbeck
lupin,whois.nic.lupin
luxe,whois.nic.luxe
luxury,whois.nic.luxury
lv,whois.nic.lv
ly,whois.nic.ly
ma,whois.registre.ma
macys,whois.nic.macys
madrid,whois.nic.madrid
maif,whois.nic.maif
maison,whois.donuts.co
makeup,whois.nic.makeup
man,whois.nic.man
management,whois.donuts.co
mango,whois.nic.mango
map,whois.nic.map
market,whois.donuts.co
marketing,whois.donuts.co
markets,whois.nic.markets
marriott,whois.nic.marriott
marshalls,whois.nic.marshalls
maserati,whois.nic.maserati
mattel,whois.nic.mattel
mba,whois.donuts.co
mc,
mckinsey,whois.nic.mckinsey
md,whois.nic.md
me,whois.nic.me
med,whois.nic.med
media,whois.donuts.co
meet,whois.nic.meet
melbourne,whois.nic.melbourne
meme,whois.nic.meme
memorial,whois.donuts.co
men,whois.nic.men
menu,whois.nic.menu
meo,whois.nic.meo
merckmsd,whois.nic.MERCKMSD
metlife,whois.nic.metlife
mg,whois.nic.mg
mh,
miami,whois.nic.miami
microsoft,whois.nic.microsoft
mil,
mini,whois.nic.mini
mint,whois.nic.mint
mit,whois.nic.mit
mitsubishi,whois.nic.mitsubishi
mk,whois.marnet.mk
ml,whois.dot.ml
mlb,whois.nic.mlb
mls,whois.nic.mls
mm,
mma,whois.nic.mma
mn,whois.nic.mn
mo,whois.monic.mo
mobi,whois.afilias.net
mobile,whois.nic.mobile
mobily,whois.nic.mobily
moda,whois.donuts.co
moe,whois.nic.moe
moi,whois.nic.moi
mom,whois.nic.mom
monash,whois.nic.monash
money,whois.donuts.co
monster,whois.nic.monster
mopar,whois.nic.mopar
mormon,whois.nic.mormon
mortgage,whois.donuts.co
moscow,whois.nic.moscow
moto,www.nic.moto
motorcycles,whois.nic.motorcycles
mov,whois.nic.mov
movie,whois.donuts.co
movistar,whois.nic.movistar
mp,whois.nic.mp
mq,whois.mediaserv.net
mr,whois.nic.mr
ms,whois.nic.ms
msd,whois.nic.msd
mt,
mtn,whois.nic.mtn
mtr,whois.nic.mtr
mu,whois.nic.mu
museum,www.whois.museum
mutual,whois.nic.mutual
mv,
mw,
mx,whois.mx
my,whois.mynic.my
mz,whois.nic.mz
na,whois.na-nic.com.na
nab,whois.nic.nab
nadex,whois.nic.nadex
nagoya,whois.nic.nagoya
name,whois.nic.name
nationwide,whois.nic.nationwide
natura,whois.nic.natura
navy,whois.donuts.co
nba,whois.nic.nba
nc,whois.nc
ne,
nec,whois.nic.nec
net,whois.verisign-grs.com
netbank,whois.nic.netbank
netflix,whois.nic.netflix
network,whois.donuts.co
neustar,whois.nic.neustar
new,whois.nic.new
newholland,whois.nic.newholland
news,whois.donuts.co
next,whois.nic.next
nextdirect,whois.nic.nextdirect
nexus,whois.nic.nexus
nf,whois.nic.nf
nfl,whois.nic.nfl
ng,whois.nic.net.ng
ngo,whois.nic.ngo
nhk,whois.nic.nhk
ni,
nico,whois.nic.nico
nike,whois.nic.nike
nikon,whois.nic.nikon
ninja,whois.donuts.co
nissan,whois.nic.nissan
nissay,whois.nic.nissay
nl,whois.domain-registry.nl
no,whois.norid.no
nokia,whois.nic.nokia
northwesternmutual,whois.nic.northwesternmutual
norton,whois.nic.norton
now,whois.nic.now
nowruz,whois.nic.nowruz
nowtv,whois.nic.nowtv
np,
nr,
nra,whois.nic.nra
nrw,whois.nic.nrw
ntt,whois.nic.ntt
nu,whois.iis.nu
nyc,whois.nic.nyc
nz,whois.srs.net.nz
obi,whois.nic.obi
observer,whois.nic.observer
off,whois.nic.off
office,whois.nic.office
okinawa,whois.nic.okinawa
olayan,whois.nic.olayan
olayangroup,whois.nic.olayangroup
oldnavy,whois.nic.oldnavy
ollo,whois.nic.ollo
om,whois.registry.om
omega,whois.nic.omega
one,whois.nic.one
ong,whois.nic.ong
onl,whois.nic.onl
online,whois.nic.online
onyourside,whois.nic.onyourside
ooo,whois.nic.ooo
open,whois.nic.open
oracle,whois.nic.oracle
orange,whois.nic.orange
org,whois.pir.org
organic,whois.nic.organic
origins,whois.nic.origins
osaka,whois.nic.osaka
otsuka,whois.nic.otsuka
ott,whois.nic.ott
ovh,whois.nic.ovh
pa,
page,whois.nic.page
panasonic,whois.nic.panasonic
panerai,whois.nic.panerai
paris,whois.nic.paris
pars,whois.nic.pars
partners,whois.donuts.co
parts,whois.donuts.co
party,whois.nic.party
passagens,whois.nic.passagens
pay,whois.nic.pay
pccw,whois.nic.pccw
pe,kero.yachay.pe
pet,whois.nic.pet
pf,whois.registry.pf
pfizer,whois.nic.pfizer
pg,
ph,
pharmacy,whois.nic.pharmacy
phd,whois.nic.phd
philips,whois.nic.philips
phone,whois.nic.phone
photo,whois.nic.photo
photography,whois.donuts.co
photos,whois.donuts.co
physio,whois.nic.physio
piaget,whois.nic.piaget
pics,whois.nic.pics
pictet,whois.nic.pictet
pictures,whois.donuts.co
pid,whois.nic.pid
pin,whois.nic.pin
ping,whois.nic.ping
pink,whois.nic.pink
pioneer,whois.nic.pioneer
pizza,whois.donuts.co
pk,
pl,whois.dns.pl
place,whois.donuts.co
play,whois.nic.play
playstation,whois.nic.playstation
plumbing,whois.donuts.co
plus,whois.donuts.co
pm,whois.nic.pm
pn,
pnc,whois.nic.pnc
pohl,whois.nic.pohl
poker,whois.nic.poker
politie,whois.nic.politie
porn,whois.nic.porn
post,whois.dotpostregistry.net
pr,whois.afilias-srs.net
pramerica,whois.nic.pramerica
praxi,whois.nic.praxi
press,whois.nic.press
prime,whois.nic.prime
pro,whois.afilias.net
prod,whois.nic.prod
productions,whois.donuts.co
prof,whois.nic.prof
progressive,whois.nic.progressive
promo,whois.nic.promo
properties,whois.donuts.co
property,whois.nic.property
protection,whois.nic.protection
pru,whois.nic.pru
prudential,whois.nic.prudential
ps,
pt,whois.dns.pt
pub,whois.donuts.co
pw,whois.nic.pw
pwc,whois.nic.pwc
py,
qa,whois.registry.qa
qpon,whois.nic.qpon
quebec,whois.nic.quebec
quest,whois.nic.quest
qvc,whois.nic.qvc
racing,whois.nic.racing
radio,whois.nic.radio
raid,whois.nic.raid
re,whois.nic.re
read,whois.nic.read
realestate,whois.nic.realestate
realtor,whois.nic.realtor
realty,whois.nic.realty
recipes,whois.donuts.co
red,whois.nic.red
redstone,whois.nic.redstone
redumbrella,whois.nic.redumbrella
rehab,whois.donuts.co
reise,whois.donuts.co
reisen,whois.donuts.co
reit,whois.nic.reit
reliance,whois.nic.reliance
ren,whois.nic.ren
rent,whois.nic.rent
rentals,whois.donuts.co
repair,whois.donuts.co
report,whois.donuts.co
republican,whois.donuts.co
rest,whois.nic.rest
restaurant,whois.donuts.co
review,whois.nic.review
reviews,whois.donuts.co
rexroth,whois.nic.rexroth
rich,whois.nic.rich
richardli,whois.nic.richardli
ricoh,whois.nic.ricoh
rightathome,whois.nic.rightathome
ril,whois.nic.ril
rio,whois.nic.rio
rip,whois.donuts.co
rmit,whois.nic.rmit
ro,whois.rotld.ro
rocher,whois.nic.rocher
rocks,whois.donuts.co
rodeo,whois.nic.rodeo
rogers,whois.nic.rogers
room,whois.nic.room
rs,whois.rnids.rs
rsvp,whois.nic.rsvp
ru,whois.tcinet.ru
rugby,whois.centralnic.com
ruhr,whois.nic.ruhr
run,whois.donuts.co
rw,
rwe,whois.nic.rwe
ryukyu,whois.nic.ryukyu
sa,whois.nic.net.sa
saarland,whois.nic.saarland
safe,whois.nic.safe
safety,whois.nic.safety
sakura,whois.nic.sakura
sale,whois.donuts.co
salon,whois.donuts.co
samsclub,whois.nic.samsclub
samsung,whois.nic.samsung
sandvik,whois.nic.sandvik
sandvikcoromant,whois.nic.sandvikcoromant
sanofi,whois.nic.sanofi
sap,whois.nic.sap
sapo,whois.nic.sapo
sarl,whois.donuts.co
sas,whois.nic.sas
save,whois.nic.save
saxo,whois.nic.saxo
sb,whois.nic.net.sb
sbi,whois.nic.sbi
sbs,whois.nic.sbs
sc,whois2.afilias-grs.net
sca,whois.nic.sca
scb,whois.nic.scb
schaeffler,whois.nic.schaeffler
schmidt,whois.nic.schmidt
scholarships,whois.nic.scholarships
school,whois.donuts.co
schule,whois.donuts.co
schwarz,whois.nic.schwarz
science,whois.nic.science
scjohnson,whois.nic.scjohnson
scor,whois.nic.scor
scot,whois.nic.scot
sd,
se,whois.iis.se
search,whois.nic.search
seat,whois.nic.seat
secure,whois.nic.secure
security,whois.nic.security
seek,whois.nic.seek
select,whois.nic.select
sener,whois.nic.sener
services,whois.donuts.co
ses,whois.nic.ses
seven,whois.nic.seven
sew,whois.nic.sew
sex,whois.nic.sex
sexy,whois.nic.sexy
sfr,whois.nic.sfr
sg,whois.sgnic.sg
sh,whois.nic.sh
shangrila,whois.nic.shangrila
sharp,whois.nic.sharp
shaw,whois.nic.shaw
shell,whois.nic.shell
shia,whois.nic.shia
shiksha,whois.nic.shiksha
shoes,whois.donuts.co
shop,whois.nic.shop
shopping,whois.donuts.co
shouji,whois.nic.shouji
show,whois.donuts.co
showtime,whois.nic.showtime
shriram,whois.nic.shriram
si,whois.register.si
silk,whois.nic.silk
sina,whois.nic.sina
singles,whois.donuts.co
site,whois.nic.site
sj,
sk,whois.sk-nic.sk
ski,whois.nic.ski
skin,whois.nic.skin
sky,whois.nic.sky
skype,whois.nic.skype
sl,
sling,whois.nic.sling
sm,whois.nic.sm
smart,whois.nic.smart
smile,whois.nic.smile
sn,whois.nic.sn
sncf,whois.nic.sncf
so,whois.nic.so
soccer,whois.donuts.co
social,whois.donuts.co
softbank,whois.nic.softbank
software,whois.donuts.co
sohu,whois.nic.sohu
solar,whois.donuts.co
solutions,whois.donuts.co
song,whois.nic.song
sony,whois.nic.sony
soy,whois.nic.soy
space,whois.nic.space
spiegel,whois.nic.spiegel
sport,whois.nic.sport
spot,whois.nic.spot
spreadbetting,whois.nic.spreadbetting
sr,
srl,whois.nic.srl
srt,whois.nic.srt
st,whois.nic.st
stada,whois.nic.stada
staples,whois.nic.staples
star,whois.nic.star
starhub,whois.nic.starhub
statebank,whois.nic.statebank
statefarm,whois.nic.statefarm
statoil,whois.nic.statoil
stc,whois.nic.stc
stcgroup,whois.nic.stcgroup
stockholm,whois.nic.stockholm
storage,whois.nic.storage
store,whois.nic.store
stream,whois.nic.stream
studio,whois.donuts.co
study,whois.nic.study
style,whois.donuts.co
su,whois.tcinet.ru
sucks,whois.nic.sucks
supplies,whois.donuts.co
supply,whois.donuts.co
support,whois.donuts.co
surf,whois.nic.surf
surgery,whois.donuts.co
suzuki,whois.nic.suzuki
sv,
swatch,whois.nic.swatch
swiftcover,whois.nic.swiftcover
swiss,whois.nic.swiss
sx,whois.sx
sy,whois.tld.sy
sydney,whois.nic.sydney
symantec,whois.nic.symantec
systems,whois.donuts.co
sz,
tab,whois.nic.tab
taipei,whois.nic.taipei
talk,whois.nic.talk
taobao,whois.nic.taobao
target,whois.nic.target
tatamotors,whois.nic.tatamotors
tatar,whois.nic.tatar
tattoo,whois.nic.tattoo
tax,whois.donuts.co
taxi,whois.donuts.co
tc,whois.nic.tc
tci,whois.nic.tci
td,41.74.44.44
tdk,whois.nic.tdk
team,whois.donuts.co
tech,whois.nic.tech
technology,whois.donuts.co
tel,whois.tel
telecity,whois.nic.telecity
telefonica,whois.nic.telefonica
temasek,whois.nic.temasek
tennis,whois.donuts.co
teva,whois.nic.teva
tf,whois.nic.tf
tg,whois.nic.tg
th,whois.thnic.co.th
thd,whois.nic.thd
theater,whois.donuts.co
theatre,whois.nic.theatre
tiaa,whois.nic.tiaa
tickets,whois.nic.tickets
tienda,whois.donuts.co
tiffany,whois.nic.tiffany
tips,whois.donuts.co
tires,whois.donuts.co
tirol,whois.nic.tirol
tj,
tjmaxx,whois.nic.tjmaxx
tjx,whois.nic.tjx
tk,whois.dot.tk
tkmaxx,whois.nic.tkmaxx
tl,whois.nic.tl
tm,whois.nic.tm
tmall,whois.nic.tmall
tn,whois.ati.tn
to,whois.tonic.to
today,whois.donuts.co
tokyo,whois.nic.tokyo
tools,whois.donuts.co
top,whois.nic.top
toray,whois.nic.toray
toshiba,whois.nic.toshiba
total,whois.nic.total
tours,whois.donuts.co
town,whois.donuts.co
toyota,whois.nic.toyota
toys,whois.donuts.co
tr,whois.nic.tr
trade,whois.nic.trade
trading,whois.nic.trading
training,whois.donuts.co
travel,whois.donuts.co
travelchannel,whois.nic.travelchannel
travelers,whois.nic.travelers
travelersinsurance,whois.nic.travelersinsurance
trust,whois.nic.trust
trv,whois.nic.trv
tt,
tube,whois.nic.tube
tui,whois.nic.tui
tunes,whois.nic.tunes
tushu,whois.nic.tushu
tv,tvwhois.verisign-grs.com
tvs,whois.nic.tvs
tw,whois.twnic.net.tw
tz,whois.tznic.or.tz
ua,whois.ua
ubank,whois.nic.ubank
ubs,whois.nic.ubs
uconnect,whois.nic.uconnect
ug,whois.co.ug
uk,whois.nic.uk
unicom,whois.nic.unicom
university,whois.donuts.co
uno,whois.nic.uno
uol,whois.nic.uol
ups,whois.nic.ups
us,whois.nic.us
uy,whois.nic.org.uy
uz,whois.cctld.uz
va,
vacations,whois.donuts.co
vana,whois.nic.vana
vanguard,whois.nic.vanguard
vc,whois2.afilias-grs.net
ve,whois.nic.ve
vegas,whois.nic.vegas
ventures,whois.donuts.co
verisign,whois.nic.verisign
versicherung,whois.nic.versicherung
vet,whois.donuts.co
vg,whois.nic.vg
vi,
viajes,whois.donuts.co
video,whois.donuts.co
vig,whois.nic.vig
viking,whois.nic.viking
villas,whois.donuts.co
vin,whois.donuts.co
vip,whois.nic.vip
virgin,whois.nic.virgin
visa,whois.nic.visa
vision,whois.donuts.co
vista,whois.nic.vista
vistaprint,whois.nic.vistaprint
viva,whois.nic.viva
vivo,whois.nic.vivo
vlaanderen,whois.nic.vlaanderen
vn,
vodka,whois.nic.vodka
volkswagen,whois.nic.volkswagen
volvo,whois.nic.volvo
vote,whois.nic.vote
voting,whois.nic.voting
voto,whois.nic.voto
voyage,whois.donuts.co
vu,vunic.vu
vuelos,whois.nic.vuelos
wales,whois.nic.wales
walmart,whois.nic.walmart
walter,whois.nic.walter
wang,whois.nic.wang
wanggou,whois.nic.wanggou
warman,whois.nic.warman
watch,whois.donuts.co
watches,whois.nic.watches
weather,whois.nic.weather
weatherchannel,whois.nic.weatherchannel
webcam,whois.nic.webcam
weber,whois.nic.weber
website,whois.nic.website
wed,whois.nic.wed
wedding,whois.nic.wedding
weibo,whois.nic.weibo
weir,whois.nic.weir
wf,whois.nic.wf
whoswho,whois.nic.whoswho
wien,whois.nic.wien
wiki,whois.nic.wiki
williamhill,whois.nic.williamhill
win,whois.nic.win
windows,whois.nic.windows
wine,whois.donuts.co
winners,whois.nic.winners
wme,whois.nic.wme
wolterskluwer,whois.nic.wolterskluwer
woodside,whois.nic.woodside
work,whois.nic.work
works,whois.donuts.co
world,whois.donuts.co
wow,whois.nic.wow
ws,whois.website.ws
wtc,whois.nic.wtc
wtf,whois.donuts.co
xbox,whois.nic.xbox
xerox,whois.nic.xerox
xfinity,whois.nic.xfinity
xihuan,whois.nic.xihuan
xin,whois.nic.xin
xn--11b4c3d,whois.nic.xn--11b4c3d
xn--1ck2e1b,
xn--1qqw23a,whois.ngtld.cn
xn--2scrj9c,
xn--30rr7y,whois.gtld.knet.cn
xn--3bst00m,whois.gtld.knet.cn
xn--3ds443g,whois.teleinfo.cn
xn--3e0b707e,whois.kr
xn--3hcrj9c,
xn--3oq18vl8pn36a,whois.nic.xn--3oq18vl8pn36a
xn--3pxu8k,whois.nic.xn--3pxu8k
xn--42c2d9a,whois.nic.xn--42c2d9a
xn--45br5cyl,
xn--45brj9c,
xn--45q11c,whois.nic.xn--45q11c
xn--4gbrim,whois.afilias-srs.net
xn--54b7fta0cc,
xn--55qw42g,whois.conac.cn
xn--55qx5d,whois.ngtld.cn
xn--5su34j936bgsg,whois.nic.xn--5su34j936bgsg
xn--5tzm5g,whois.nic.xn--5tzm5g
xn--6frz82g,whois.afilias.net
xn--6qq986b3xl,whois.gtld.knet.cn
xn--80adxhks,whois.nic.xn--80adxhks
xn--80ao21a,whois.nic.kz
xn--80aqecdr1a,whois.aridnrs.net.au
xn--80asehdb,whois.online.rs.corenic.net
xn--80aswg,whois.site.rs.corenic.net
xn--8y0a063a,
xn--90a3ac,whois.rnids.rs
xn--90ae,whois.imena.bg
xn--90ais,whois.cctld.by
xn--9dbq2a,whois.nic.xn--9dbq2a
xn--9et52u,whois.gtld.knet.cn
xn--9krt00a,whois.nic.xn--9krt00a
xn--b4w605ferd,whois.afilias-srs.net
xn--bck1b9a5dre4c,
xn--c1avg,whois.publicinterestregistry.net
xn--c2br7g,whois.nic.xn--c2br7g
xn--cck2b3b,
xn--cg4bki,whois.kr
xn--clchc0ea0b2g2a9gcd,whois.sgnic.sg
xn--czr694b,
xn--czrs0t,whois.nic.xn--czrs0t
xn--czru2d,whois.gtld.knet.cn
xn--d1acj3b,whois.nic.xn--d1acj3b
xn--d1alf,whois.marnet.mk
xn--e1a4c,whois.eu
xn--eckvdtc9d,
xn--efvy88h,whois.nic.xn--efvy88h
xn--estv75g,whois.nic.xn--estv75g
xn--fct429k,
xn--fhbei,whois.nic.xn--fhbei
xn--fiq228c5hs,whois.teleinfo.cn
xn--fiq64b,whois.gtld.knet.cn
xn--fiqs8s,cwhois.cnnic.cn
xn--fiqz9s,cwhois.cnnic.cn
xn--fjq720a,whois.nic.xn--fjq720a
xn--flw351e,whois.nic.google
xn--fpcrj9c3d,
xn--fzc2c9e2c,
xn--fzys8d69uvgm,whois.nic.xn--fzys8d69uvgm
xn--g2xx48c,
xn--gckr3f0f,
xn--gecrj9c,
xn--gk3at1e,
xn--h2breg3eve,
xn--h2brj9c,
xn--h2brj9c8c,
xn--hxt814e,whois.nic.xn--hxt814e
xn--i1b6b1a6a2e,whois.publicinterestregistry.net
xn--imr513n,
xn--io0a7i,whois.ngtld.cn
xn--j1aef,whois.nic.xn--j1aef
xn--j1amh,whois.dotukr.com
xn--j6w193g,whois.hkirc.hk
xn--jlq61u9w7b,whois.nic.xn--jlq61u9w7b
xn--jvr189m,
xn--kcrx77d1x4a,whois.nic.xn--kcrx77d1x4a
xn--kprw13d,whois.twnic.net.tw
xn--kpry57d,whois.twnic.net.tw
xn--kpu716f,
xn--kput3i,whois.nic.xn--kput3i
xn--l1acc,
xn--lgbbat1ad8j,whois.nic.dz
xn--mgb9awbf,whois.registry.om
xn--mgba3a3ejt,
xn--mgba3a4f16a,whois.nic.ir
xn--mgba7c0bbn0a,whois.nic.xn--mgba7c0bbn0a
xn--mgbaakc7dvf,whois.centralnic.com
xn--mgbaam7a8h,whois.aeda.net.ae
xn--mgbab2bd,whois.bazaar.coreregistry.net
xn--mgbai9azgqp6j,
xn--mgbayh7gpa,
xn--mgbb9fbpob,
xn--mgbbh1a,
xn--mgbbh1a71e,
xn--mgbc0a9azcg,
xn--mgbca7dzdo,whois.nic.xn--mgbca7dzdo
xn--mgberp4a5d4ar,whois.nic.net.sa
xn--mgbgu82a,
xn--mgbi4ecexp,whois.aridnrs.net.au
xn--mgbpl2fh,
xn--mgbt3dhd,whois.agitsys.net
xn--mgbtx2b,whois.cmc.iq
xn--mgbx4cd0ab,whois.mynic.my
xn--mix891f,whois.monic.mo
xn--mk1bu44c,whois.nic.xn--mk1bu44c
xn--mxtq1m,whois.nic.xn--mxtq1m
xn--ngbc5azd,whois.nic.xn--ngbc5azd
xn--ngbe9e0a,whois.nic.xn--ngbe9e0a
xn--ngbrx,whois.nic.xn--ngbrx
xn--node,whois.itdc.ge
xn--nqv7f,whois.publicinterestregistry.net
xn--nqv7fs00ema,whois.nic.xn--nqv7fs00ema
xn--nyqy26a,
xn--o3cw4h,whois.thnic.co.th
xn--ogbpf8fl,whois.tld.sy
xn--otu796d,
xn--p1acf,whois.nic.xn--p1acf
xn--p1ai,whois.tcinet.ru
xn--pbt977c,
xn--pgbs0dh,
xn--pssy2u,whois.nic.xn--pssy2u
xn--q9jyb4c,whois.nic.google
xn--qcka1pmc,whois.nic.google
xn--qxam,
xn--rhqv96g,
xn--rovu88b,
xn--rvc1e0am3e,
xn--s9brj9c,
xn--ses554g,whois.registry.knet.cn
xn--t60b56a,whois.nic.xn--t60b56a
xn--tckwe,whois.nic.xn--tckwe
xn--tiq49xqyj,whois.aridnrs.net.au
xn--unup4y,whois.nic.xn--unup4y
xn--vermgensberater-ctb,whois.ksregistry.net
xn--vermgensberatung-pwb,whois.ksregistry.net
xn--vhquv,whois.nic.xn--vhquv
xn--vuq861b,whois.teleinfo.cn
xn--w4r85el8fhu5dnra,whois.nic.xn--w4r85el8fhu5dnra
xn--w4rs40l,whois.nic.xn--w4rs40l
xn--wgbh1c,
xn--wgbl6a,whois.registry.qa
xn--xhq521b,whois.ngtld.cn
xn--xkc2al3hye2a,
xn--xkc2dl3a5ee0h,
xn--y9a3aq,whois.amnic.net
xn--yfro4i67o,whois.sgnic.sg
xn--ygbi2ammx,whois.pnina.ps
xn--zfr164b,whois.conac.cn
xperia,whois.nic.xperia
xxx,whois.nic.xxx
xyz,whois.nic.xyz
yachts,whois.nic.yachts
yahoo,whois.nic.yahoo
yamaxun,whois.nic.yamaxun
yandex,whois.nic.yandex
ye,
yodobashi,whois.nic.yodobashi
yoga,whois.nic.yoga
yokohama,whois.nic.yokohama
you,whois.nic.you
youtube,whois.nic.youtube
yt,whois.nic.yt
yun,whois.nic.yun
za,
zappos,whois.nic.zappos
zara,whois.nic.zara
zero,whois.nic.zero
zip,whois.nic.zip
zippo,whois.nic.zippo
zm,whois.nic.zm
zone,whois.donuts.co
zuerich,whois.nic.zuerich
zw,